Order-Id,Item-id,Product-Id,Quantity,Sales-Id,Customer-Id,Sales-Price-Per-Prod,Market-Segment
0,0,15,16,0,19,178,education
1,1,7,11,0,27,131,education
2,2,0,13,9,18,121,retail
3,3,14,9,5,23,192,retail
4,4,4,1,1,18,142,financial
5,5,10,15,5,19,98,retail
6,6,16,17,7,24,146,retail
7,7,17,12,2,6,184,education
8,8,9,11,0,22,77,software
9,9,17,2,4,27,183,retail
10,10,5,0,1,8,122,pharmaceutical
11,11,13,8,0,15,112,education
12,12,17,16,0,28,195,pharmaceutical
13,13,14,16,9,24,178,realestate
14,14,15,7,9,19,200,software
15,15,13,15,4,6,95,retail
16,16,6,26,7,14,82,realestate
17,17,7,6,4,11,140,education
18,18,14,19,6,25,179,software
19,19,17,15,9,20,188,financial
20,20,2,2,9,13,209,education
21,21,11,12,4,8,97,realestate
22,22,5,26,1,26,120,education
23,23,0,0,0,11,119,financial
24,24,16,15,7,1,161,education
25,25,5,0,3,19,96,software
26,26,4,14,9,3,164,education
27,27,10,5,3,19,90,financial
28,28,0,28,6,4,123,software
29,29,13,2,8,9,141,pharmaceutical
30,30,11,28,6,14,113,retail
31,31,3,15,0,3,192,retail
32,32,2,0,6,17,211,realestate
33,33,4,7,7,2,132,retail
34,34,5,9,4,3,106,pharmaceutical
35,35,2,2,1,27,211,financial
36,36,15,17,1,22,193,realestate
37,37,12,8,0,23,97,retail
38,38,13,4,4,12,105,retail
39,39,12,8,2,3,104,software
40,40,2,0,2,26,210,education
41,41,8,4,4,4,115,pharmaceutical
42,42,4,13,8,29,133,retail
43,43,16,11,6,27,153,education
44,44,17,25,9,12,194,realestate
45,45,13,12,2,23,133,software
46,46,3,8,4,9,212,education
47,47,0,26,9,0,121,retail
48,48,14,12,2,22,194,realestate
49,49,5,22,4,19,109,pharmaceutical
50,50,4,12,6,20,130,retail
51,51,11,1,2,0,120,financial
52,52,2,10,0,4,205,realestate
53,53,10,7,9,29,110,retail
54,54,17,5,1,19,204,pharmaceutical
55,55,10,25,4,10,129,realestate
56,56,2,6,5,6,218,pharmaceutical
57,57,12,6,1,6,94,financial
58,58,13,3,3,19,134,financial
59,59,6,11,9,22,54,education
60,60,15,15,0,2,202,education
61,61,0,8,3,25,120,education
62,62,3,18,1,16,199,financial
63,63,12,26,1,20,94,realestate
64,64,16,22,7,9,151,pharmaceutical
65,65,17,16,8,3,195,retail
66,66,1,14,0,27,229,software
67,67,7,27,9,9,154,realestate
68,68,5,16,9,15,124,retail
69,69,4,11,1,1,177,pharmaceutical
70,70,9,4,2,2,71,retail
71,71,7,6,7,10,142,pharmaceutical
72,72,10,20,0,17,144,software
73,73,0,21,2,21,120,pharmaceutical
74,74,7,24,7,10,121,software
75,75,2,14,2,21,201,education
76,76,10,10,4,18,135,financial
77,77,1,13,8,0,233,realestate
78,78,12,4,6,18,88,pharmaceutical
79,79,8,27,7,20,143,education
80,80,15,3,2,4,185,financial
81,81,9,19,2,16,47,pharmaceutical
82,82,3,3,0,29,198,education
83,83,9,19,0,12,80,education
84,84,0,26,0,16,119,retail
85,85,17,20,1,14,201,education
86,86,18,20,1,28,79,financial
87,87,11,26,5,8,118,education
88,88,6,23,8,16,42,education
89,89,10,13,0,23,136,realestate
90,90,11,13,6,4,117,financial
91,91,15,5,2,10,185,education
92,92,0,4,0,7,123,software
93,93,17,23,1,15,189,software
94,94,14,14,7,22,186,education
95,95,16,15,2,14,147,retail
96,96,13,3,8,18,89,education
97,97,5,25,1,25,127,education
98,98,3,18,8,25,169,financial
99,99,15,19,6,18,219,software
100,100,11,0,8,21,120,software
101,101,19,9,9,3,72,realestate
102,102,1,25,4,4,222,pharmaceutical
103,103,2,17,3,7,210,realestate
104,104,15,28,1,25,191,education
105,105,4,14,4,15,178,pharmaceutical
106,106,18,1,8,5,65,software
107,107,15,26,4,17,208,realestate
108,108,16,20,6,5,149,realestate
109,109,11,22,9,29,101,retail
110,110,17,2,0,8,193,software
111,111,2,12,4,17,203,financial
112,112,14,3,4,12,194,realestate
113,113,7,1,3,27,128,realestate
114,114,2,5,8,11,216,pharmaceutical
115,115,3,18,3,9,196,financial
116,116,0,20,5,8,120,realestate
117,117,13,28,4,16,141,financial
118,118,1,19,5,13,231,software
119,119,14,1,4,8,186,software
120,120,5,5,2,20,131,retail
121,121,6,22,0,6,68,pharmaceutical
122,122,3,5,9,7,210,education
123,123,17,4,5,9,193,realestate
124,124,7,12,0,22,135,realestate
125,125,6,12,3,2,85,software
126,126,18,0,5,3,52,education
127,127,8,14,9,16,117,retail
128,128,6,22,2,27,69,education
129,129,5,16,1,9,111,realestate
130,130,0,13,0,12,120,software
131,131,12,22,0,28,103,realestate
132,132,14,21,2,23,182,software
133,133,0,6,7,24,122,software
134,134,3,10,1,3,201,retail
135,135,18,19,6,20,67,education
136,136,12,5,9,10,107,education
137,137,13,19,8,29,132,retail
138,138,4,3,7,17,184,pharmaceutical
139,139,0,3,3,9,123,financial
140,140,7,27,6,1,124,retail
141,141,1,11,4,14,157,education
142,142,14,14,4,14,182,retail
143,143,1,13,3,8,200,pharmaceutical
144,144,10,12,0,9,92,realestate
145,145,2,0,2,11,212,pharmaceutical
146,146,18,15,3,10,74,education
147,147,17,15,5,1,187,financial
148,148,17,4,6,2,199,realestate
149,149,8,10,0,13,135,realestate
150,150,1,20,0,14,166,software
151,151,16,11,1,7,152,realestate
152,152,10,5,4,0,95,software
153,153,13,26,9,0,98,retail
154,154,9,20,3,6,86,pharmaceutical
155,155,17,5,2,26,188,financial
156,156,6,8,2,17,62,software
157,157,1,23,8,15,198,retail
158,158,13,20,5,19,87,financial
159,159,16,4,4,3,157,pharmaceutical
160,160,2,19,7,12,205,financial
161,161,5,23,1,21,134,software
162,162,4,28,7,18,185,realestate
163,163,8,13,1,5,138,realestate
164,164,4,8,9,27,137,financial
165,165,12,13,2,14,104,financial
166,166,17,29,6,21,202,pharmaceutical
167,167,19,27,9,3,118,retail
168,168,10,17,1,19,130,education
169,169,11,2,4,14,119,education
170,170,2,6,6,17,200,realestate
171,171,11,28,6,0,121,software
172,172,18,19,7,1,96,pharmaceutical
173,173,2,17,3,11,208,pharmaceutical
174,174,15,18,9,20,192,pharmaceutical
175,175,14,21,7,6,194,software
176,176,15,21,0,4,184,realestate
177,177,4,18,9,27,173,software
178,178,14,10,6,8,190,education
179,179,7,26,3,29,125,pharmaceutical
180,180,5,25,6,15,107,pharmaceutical
181,181,0,10,2,21,121,realestate
182,182,1,10,3,29,222,pharmaceutical
183,183,5,2,5,0,111,realestate
184,184,13,21,3,7,99,financial
185,185,3,21,5,7,214,retail
186,186,8,11,1,14,122,realestate
187,187,13,28,0,9,112,realestate
188,188,0,9,6,24,120,retail
189,189,5,2,3,15,102,realestate
190,190,17,26,0,21,203,pharmaceutical
191,191,15,21,4,7,208,software
192,192,9,10,2,1,87,education
193,193,9,24,9,28,60,pharmaceutical
194,194,2,17,8,26,199,education
195,195,18,3,4,1,78,realestate
196,196,18,15,2,16,59,realestate
197,197,9,22,9,3,90,retail
198,198,6,3,0,25,51,pharmaceutical
199,199,12,1,8,10,78,pharmaceutical
200,200,12,22,2,29,102,retail
201,201,2,24,8,17,201,pharmaceutical
202,202,8,27,7,11,194,software
203,203,17,7,3,21,200,pharmaceutical
204,204,3,17,3,13,198,financial
205,205,2,27,1,22,213,pharmaceutical
206,206,4,20,7,23,158,software
207,207,9,8,2,7,95,software
208,208,6,25,1,16,42,financial
209,209,3,1,9,8,165,pharmaceutical
210,210,8,15,1,12,195,financial
211,211,10,1,4,18,98,education
212,212,15,22,1,23,191,education
213,213,17,4,1,24,204,retail
214,214,3,9,9,10,195,realestate
215,215,15,22,1,2,212,education
216,216,7,14,3,4,165,education
217,217,4,25,4,16,144,retail
218,218,5,7,4,9,92,retail
219,219,10,28,6,2,112,financial
220,220,1,20,3,24,160,realestate
221,221,11,0,9,16,95,pharmaceutical
222,222,0,20,1,25,123,realestate
223,223,2,25,3,4,219,pharmaceutical
224,224,8,25,6,13,199,financial
225,225,16,10,0,1,147,realestate
226,226,15,9,7,18,184,education
227,227,5,27,2,21,131,financial
228,228,8,11,6,6,205,pharmaceutical
229,229,13,22,8,1,88,realestate
230,230,18,28,1,0,66,financial
231,231,18,3,3,23,99,education
232,232,14,19,7,27,196,retail
233,233,14,17,0,9,178,retail
234,234,1,10,4,5,160,pharmaceutical
235,235,15,25,7,18,216,pharmaceutical
236,236,1,14,2,14,226,financial
237,237,18,18,4,0,77,software
238,238,18,6,6,11,96,education
239,239,0,10,6,11,119,realestate
240,240,18,27,3,7,78,education
241,241,4,26,7,10,171,retail
242,242,9,1,0,24,85,realestate
243,243,8,27,2,21,155,realestate
244,244,10,11,1,28,101,realestate
245,245,17,22,4,27,200,education
246,246,3,26,1,14,190,education
247,247,13,16,1,4,99,software
248,248,11,23,5,22,108,financial
249,249,15,26,2,26,182,realestate
250,250,0,13,4,11,121,retail
251,251,13,25,6,19,129,pharmaceutical
252,252,8,14,7,13,202,retail
253,253,9,12,5,5,57,retail
254,254,13,0,2,19,100,retail
255,255,16,2,1,26,157,software
256,256,3,10,7,29,194,retail
257,257,16,25,8,11,147,pharmaceutical
258,258,19,2,4,10,108,retail
259,259,19,2,4,6,112,financial
260,260,10,2,4,9,96,retail
261,261,15,0,0,17,191,software
262,262,13,14,4,26,135,realestate
263,263,16,18,3,15,149,realestate
264,264,9,9,7,25,66,pharmaceutical
265,265,6,3,5,10,70,software
266,266,18,26,6,27,97,education
267,267,3,7,3,26,205,realestate
268,268,15,24,8,2,189,software
269,269,5,14,3,17,95,education
270,270,11,20,7,5,119,realestate
271,271,10,7,6,4,101,financial
272,272,4,23,6,6,149,realestate
273,273,6,17,7,14,66,software
274,274,12,1,0,26,89,software
275,275,6,6,5,0,59,pharmaceutical
276,276,19,20,6,18,98,pharmaceutical
277,277,2,23,0,12,201,education
278,278,11,7,1,5,99,education
279,279,13,29,1,1,111,realestate
280,280,2,28,8,0,214,realestate
281,281,17,28,5,11,203,realestate
282,282,0,24,0,11,122,realestate
283,283,16,13,7,27,147,software
284,284,19,23,9,6,119,software
285,285,5,13,4,26,134,pharmaceutical
286,286,13,18,8,18,136,retail
287,287,9,20,5,1,59,pharmaceutical
288,288,9,17,2,24,93,financial
289,289,15,1,2,29,206,realestate
290,290,1,2,2,7,209,retail
291,291,3,24,6,25,186,software
292,292,15,26,9,3,211,financial
293,293,0,24,2,7,119,financial
294,294,4,25,2,2,161,retail
295,295,2,20,9,1,209,pharmaceutical
296,296,13,11,6,12,105,realestate
297,297,11,9,9,25,123,education
298,298,3,9,9,4,187,education
299,299,6,19,1,1,62,financial
300,300,19,1,2,16,99,software
301,301,19,6,8,1,93,realestate
302,302,17,12,9,6,198,education
303,303,1,9,0,21,160,retail
304,304,3,21,8,25,195,financial
305,305,15,13,8,1,201,realestate
306,306,7,28,8,13,153,financial
307,307,0,10,8,4,122,retail
308,308,15,26,2,11,217,education
309,309,7,11,8,20,155,retail
310,310,0,0,8,0,123,financial
311,311,3,3,7,10,166,retail
312,312,11,3,2,23,134,retail
313,313,10,18,0,28,115,software
314,314,2,11,6,2,205,realestate
315,315,12,12,7,3,86,realestate
316,316,0,8,5,24,121,realestate
317,317,3,29,7,11,166,software
318,318,6,8,6,1,55,software
319,319,11,23,6,6,99,realestate
320,320,18,13,8,11,76,software
321,321,5,5,0,27,108,realestate
322,322,6,6,7,19,49,education
323,323,9,8,8,18,104,pharmaceutical
324,324,13,2,2,2,123,financial
325,325,6,20,5,29,78,software
326,326,9,29,9,14,93,realestate
327,327,18,14,7,19,64,retail
328,328,12,19,4,28,88,retail
329,329,17,19,1,13,199,education
330,330,3,12,0,3,217,financial
331,331,13,8,5,2,122,education
332,332,7,10,0,26,130,software
333,333,8,19,0,10,172,realestate
334,334,15,28,6,2,210,retail
335,335,13,5,2,6,143,software
336,336,15,5,6,29,195,software
337,337,5,18,8,0,138,pharmaceutical
338,338,11,17,2,4,98,pharmaceutical
339,339,7,25,2,22,141,pharmaceutical
340,340,12,19,4,23,98,pharmaceutical
341,341,12,14,1,0,107,retail
342,342,11,17,7,4,108,financial
343,343,12,19,6,20,106,financial
344,344,2,21,4,16,200,financial
345,345,6,6,1,27,46,financial
346,346,6,21,8,2,59,financial
347,347,18,12,2,22,86,realestate
348,348,12,5,9,3,87,retail
349,349,13,15,5,28,107,software
350,350,2,6,9,24,213,pharmaceutical
351,351,11,15,4,1,96,education
352,352,11,26,3,27,114,software
353,353,8,29,3,6,177,education
354,354,14,28,7,7,197,software
355,355,17,16,1,28,205,pharmaceutical
356,356,3,21,8,4,187,realestate
357,357,7,14,5,17,152,retail
358,358,14,12,8,18,182,education
359,359,17,27,7,5,195,education
360,360,8,19,2,16,179,financial
361,361,0,17,3,2,121,retail
362,362,15,2,4,16,213,pharmaceutical
363,363,18,27,0,6,92,software
364,364,0,26,0,18,120,pharmaceutical
365,365,5,15,7,20,115,pharmaceutical
366,366,13,4,2,26,123,financial
367,367,3,27,0,11,210,pharmaceutical
368,368,13,9,9,10,144,financial
369,369,5,0,3,0,125,software
370,370,15,10,5,29,193,financial
371,371,9,10,4,14,48,software
372,372,15,21,8,22,213,financial
373,373,6,1,1,20,76,financial
374,374,11,22,9,15,99,retail
375,375,8,7,5,19,165,pharmaceutical
376,376,0,3,7,18,122,retail
377,377,9,8,9,8,88,financial
378,378,19,24,2,13,105,financial
379,379,4,10,8,8,134,realestate
380,380,3,0,6,5,194,financial
381,381,9,28,1,26,105,realestate
382,382,3,20,2,2,174,software
383,383,12,25,9,18,101,realestate
384,384,19,25,2,13,99,realestate
385,385,6,11,3,7,39,pharmaceutical
386,386,16,2,6,9,147,software
387,387,10,10,4,20,111,pharmaceutical
388,388,4,7,0,21,168,pharmaceutical
389,389,11,26,0,7,128,realestate
390,390,18,4,2,8,79,software
391,391,6,18,3,23,40,retail
392,392,9,6,1,0,90,software
393,393,3,26,1,19,216,financial
394,394,6,24,6,2,49,software
395,395,3,9,1,3,214,retail
396,396,10,11,5,28,91,retail
397,397,5,25,2,4,133,retail
398,398,0,5,1,16,120,retail
399,399,7,23,4,5,138,software
400,400,0,21,6,3,123,software
401,401,3,14,5,15,206,retail
402,402,4,24,0,18,138,pharmaceutical
403,403,15,23,4,23,205,pharmaceutical
404,404,4,13,7,26,131,education
405,405,16,9,2,12,159,financial
406,406,0,13,3,29,122,software
407,407,6,11,2,29,51,realestate
408,408,8,5,5,28,113,software
409,409,2,29,4,22,205,software
410,410,18,17,6,8,52,retail
411,411,4,12,7,20,160,software
412,412,5,26,2,2,96,realestate
413,413,2,18,0,13,202,financial
414,414,19,15,0,24,113,education
415,415,11,22,0,8,95,education
416,416,18,27,2,25,58,retail
417,417,1,2,6,9,227,software
418,418,13,25,8,3,107,financial
419,419,2,10,2,18,213,realestate
420,420,6,0,6,1,54,software
421,421,16,17,9,8,151,realestate
422,422,9,25,2,4,66,software
423,423,18,2,2,26,83,retail
424,424,10,15,0,21,96,retail
425,425,8,20,0,12,147,education
426,426,18,3,6,15,82,software
427,427,18,25,8,12,55,retail
428,428,1,3,1,0,229,education
429,429,0,22,8,14,119,realestate
430,430,14,7,8,12,181,retail
431,431,0,1,7,4,121,retail
432,432,1,26,5,9,188,pharmaceutical
433,433,10,0,3,22,132,financial
434,434,6,21,5,22,45,education
435,435,18,5,2,8,96,financial
436,436,15,2,7,9,217,software
437,437,2,21,9,17,203,realestate
438,438,2,6,8,29,212,pharmaceutical
439,439,14,28,1,19,188,pharmaceutical
440,440,7,8,3,8,156,software
441,441,14,21,3,26,193,pharmaceutical
442,442,14,20,3,1,186,software
443,443,12,25,1,27,83,financial
444,444,10,10,3,22,127,retail
445,445,5,2,2,2,97,realestate
446,446,13,21,8,26,123,realestate
447,447,7,9,5,23,143,realestate
448,448,13,22,8,1,140,education
449,449,11,10,8,25,126,retail
450,450,8,14,3,0,165,pharmaceutical
451,451,8,28,5,19,184,pharmaceutical
452,452,11,15,6,3,128,financial
453,453,8,8,0,8,208,financial
454,454,19,27,9,24,83,retail
455,455,8,29,1,16,180,realestate
456,456,15,0,2,6,201,software
457,457,13,9,0,10,129,realestate
458,458,8,6,8,27,172,software
459,459,13,15,5,14,87,pharmaceutical
460,460,17,28,2,6,183,pharmaceutical
461,461,18,13,2,12,101,financial
462,462,1,9,6,11,218,realestate
463,463,2,11,0,0,210,realestate
464,464,3,12,9,29,201,retail
465,465,0,6,5,12,121,retail
466,466,16,12,3,21,151,financial
467,467,8,17,3,11,170,retail
468,468,7,18,2,22,136,education
469,469,12,27,4,9,78,realestate
470,470,17,20,6,26,205,software
471,471,5,26,1,23,107,education
472,472,8,3,0,11,136,education
473,473,5,16,8,24,130,pharmaceutical
474,474,16,26,9,17,154,pharmaceutical
475,475,2,22,7,15,208,education
476,476,6,2,5,29,50,education
477,477,8,7,0,18,148,software
478,478,1,23,0,29,155,retail
479,479,17,6,6,16,189,pharmaceutical
480,480,15,19,6,20,193,education
481,481,12,7,3,7,109,financial
482,482,3,6,0,27,217,pharmaceutical
483,483,8,29,3,0,170,retail
484,484,0,22,4,17,121,financial
485,485,14,8,5,5,180,financial
486,486,16,5,6,27,146,financial
487,487,14,18,8,1,194,education
488,488,5,1,5,22,133,education
489,489,2,28,6,11,211,software
490,490,7,18,8,17,161,pharmaceutical
491,491,2,0,5,24,202,retail
492,492,2,19,3,22,208,retail
493,493,8,20,5,20,130,financial
494,494,7,9,3,26,137,software
495,495,6,14,2,20,81,education
496,496,6,10,0,25,41,pharmaceutical
497,497,11,20,8,8,105,software
498,498,3,23,6,6,169,education
499,499,7,6,2,25,134,retail
500,500,2,1,6,25,215,education
501,501,3,24,6,22,201,financial
502,502,2,15,4,6,218,software
503,503,19,24,0,8,74,financial
504,504,7,10,8,1,122,education
505,505,3,29,3,14,177,education
506,506,4,1,4,12,166,software
507,507,5,18,4,3,106,software
508,508,17,4,5,27,191,financial
509,509,9,0,4,2,50,retail
510,510,12,21,5,27,78,pharmaceutical
511,511,16,8,0,9,160,software
512,512,9,21,1,0,54,realestate
513,513,10,16,1,20,123,pharmaceutical
514,514,3,22,9,16,186,pharmaceutical
515,515,6,15,5,27,49,realestate
516,516,1,19,8,20,218,pharmaceutical
517,517,14,7,7,27,183,financial
518,518,1,0,6,0,220,software
519,519,8,25,9,10,141,financial
520,520,7,1,0,28,145,software
521,521,13,3,3,17,144,education
522,522,5,10,8,23,101,pharmaceutical
523,523,11,19,9,11,121,software
524,524,0,3,8,22,122,retail
525,525,1,21,4,4,198,financial
526,526,18,4,3,18,93,education
527,527,12,0,0,20,96,realestate
528,528,19,7,5,19,77,software
529,529,0,6,4,27,122,financial
530,530,3,21,5,14,206,realestate
531,531,1,11,0,13,181,retail
532,532,3,28,1,29,176,pharmaceutical
533,533,10,13,9,4,110,software
534,534,7,4,1,2,143,pharmaceutical
535,535,15,1,2,2,179,retail
536,536,17,21,6,3,204,retail
537,537,3,21,1,28,203,education
538,538,10,4,2,28,146,realestate
539,539,0,20,6,24,123,pharmaceutical
540,540,3,7,3,12,165,software
541,541,3,11,3,13,169,realestate
542,542,16,24,4,14,147,realestate
543,543,10,7,4,12,143,financial
544,544,14,20,8,16,195,realestate
545,545,15,7,8,19,185,retail
546,546,15,12,0,1,218,financial
547,547,10,29,1,15,90,pharmaceutical
548,548,14,15,3,8,197,pharmaceutical
549,549,9,14,3,24,101,pharmaceutical
550,550,17,28,5,11,198,financial
551,551,3,18,9,17,189,retail
552,552,6,25,2,11,75,financial
553,553,16,2,9,11,157,software
554,554,15,13,2,0,219,software
555,555,19,25,9,29,83,software
556,556,10,8,3,26,136,retail
557,557,10,15,0,23,130,education
558,558,5,18,6,5,123,financial
559,559,3,25,6,0,193,software
560,560,9,11,9,17,104,software
561,561,18,13,9,10,87,pharmaceutical
562,562,0,11,5,7,123,software
563,563,8,2,9,21,116,financial
564,564,13,25,4,0,92,software
565,565,6,16,4,15,84,retail
566,566,14,15,9,17,189,retail
567,567,14,6,0,9,194,realestate
568,568,5,27,9,15,129,education
569,569,3,11,2,11,178,retail
570,570,1,6,1,0,225,software
571,571,17,26,3,18,188,software
572,572,11,25,7,0,99,pharmaceutical
573,573,15,16,9,17,178,software
574,574,15,8,7,24,184,pharmaceutical
575,575,15,9,0,16,192,education
576,576,6,22,7,16,44,pharmaceutical
577,577,8,4,4,27,114,education
578,578,17,11,9,11,202,software
579,579,16,0,6,11,150,education
580,580,7,25,3,13,162,software
581,581,6,0,3,6,65,realestate
582,582,11,0,0,4,135,realestate
583,583,18,15,2,24,101,realestate
584,584,5,5,7,0,123,pharmaceutical
585,585,17,22,8,13,192,financial
586,586,8,8,2,18,117,retail
587,587,1,19,6,6,191,pharmaceutical
588,588,6,2,3,26,50,financial
589,589,13,4,2,23,94,software
590,590,9,3,1,17,56,software
591,591,12,1,2,19,98,education
592,592,9,5,2,13,48,realestate
593,593,3,8,8,27,210,retail
594,594,9,16,7,15,76,pharmaceutical
595,595,14,0,3,22,188,software
596,596,17,21,6,27,187,realestate
597,597,1,2,9,2,172,software
598,598,2,28,3,15,216,financial
599,599,3,6,3,23,209,software
600,600,12,23,6,18,105,financial
601,601,5,17,5,12,104,realestate
602,602,14,6,8,4,178,pharmaceutical
603,603,3,29,3,20,178,financial
604,604,19,4,8,6,88,realestate
605,605,4,10,1,21,147,pharmaceutical
606,606,8,25,7,19,149,pharmaceutical
607,607,0,2,6,5,123,software
608,608,10,14,1,25,102,financial
609,609,17,7,5,13,185,pharmaceutical
610,610,18,1,8,26,103,software
611,611,16,16,7,11,147,realestate
612,612,4,23,8,18,175,realestate
613,613,5,14,8,9,134,financial
614,614,13,18,2,13,146,financial
615,615,14,13,6,11,188,retail
616,616,16,0,7,0,161,pharmaceutical
617,617,9,21,2,20,80,pharmaceutical
618,618,2,16,9,29,214,pharmaceutical
619,619,3,18,7,17,170,software
620,620,6,25,2,1,62,financial
621,621,4,2,9,5,153,realestate
622,622,0,27,1,0,121,software
623,623,10,4,5,15,140,financial
624,624,14,21,8,12,180,financial
625,625,13,23,1,19,86,retail
626,626,14,19,3,22,197,financial
627,627,5,14,3,7,108,education
628,628,8,12,5,6,207,financial
629,629,1,6,9,25,186,financial
630,630,7,18,3,2,138,financial
631,631,3,19,5,4,180,pharmaceutical
632,632,5,15,8,18,139,pharmaceutical
633,633,17,16,6,9,183,financial
634,634,12,3,5,23,85,realestate
635,635,17,8,6,15,183,pharmaceutical
636,636,17,25,4,9,199,pharmaceutical
637,637,18,1,4,11,61,financial
638,638,19,11,0,1,98,software
639,639,17,18,1,21,196,pharmaceutical
640,640,14,17,9,9,190,education
641,641,18,15,5,12,95,financial
642,642,2,5,0,15,209,pharmaceutical
643,643,6,8,4,26,69,software
644,644,17,25,5,19,185,financial
645,645,3,18,6,2,200,software
646,646,2,23,8,12,211,software
647,647,3,22,9,15,165,pharmaceutical
648,648,16,1,9,24,146,education
649,649,11,25,3,8,130,software
650,650,6,9,7,6,82,retail
651,651,8,23,4,3,126,retail
652,652,8,8,2,13,198,pharmaceutical
653,653,19,7,5,6,90,education
654,654,8,22,0,10,153,financial
655,655,2,8,5,10,201,software
656,656,9,1,7,15,68,realestate
657,657,9,24,3,29,81,realestate
658,658,13,5,8,18,123,retail
659,659,11,15,1,22,92,retail
660,660,8,0,5,16,123,software
661,661,5,23,3,1,134,realestate
662,662,5,3,9,27,109,pharmaceutical
663,663,9,14,6,17,62,software
664,664,16,9,3,16,150,education
665,665,17,24,1,28,205,pharmaceutical
666,666,16,2,2,12,149,software
667,667,9,28,8,27,94,education
668,668,14,19,1,9,195,education
669,669,17,15,9,17,183,retail
670,670,12,26,2,25,110,pharmaceutical
671,671,5,29,9,14,130,pharmaceutical
672,672,4,17,3,23,132,education
673,673,6,18,4,28,38,retail
674,674,16,25,3,20,156,financial
675,675,7,0,0,15,149,retail
676,676,17,14,8,27,185,realestate
677,677,15,18,8,5,181,software
678,678,3,19,3,19,212,financial
679,679,12,1,7,11,79,software
680,680,4,26,7,20,182,realestate
681,681,2,8,5,13,205,financial
682,682,3,28,2,26,207,pharmaceutical
683,683,12,6,6,17,79,education
684,684,18,26,3,7,75,financial
685,685,8,14,9,9,191,pharmaceutical
686,686,11,20,8,9,103,software
687,687,11,11,8,26,131,financial
688,688,5,9,1,9,140,retail
689,689,7,29,0,2,141,software
690,690,16,17,2,26,160,financial
691,691,14,20,6,16,197,pharmaceutical
692,692,10,16,0,4,106,software
693,693,6,5,2,25,64,software
694,694,16,2,4,5,151,software
695,695,10,17,5,13,89,financial
696,696,6,10,7,20,54,education
697,697,19,6,9,1,110,education
698,698,18,0,1,21,89,software
699,699,10,24,4,7,110,pharmaceutical
700,700,11,14,2,17,95,software
701,701,10,10,1,22,127,software
702,702,15,0,7,20,209,financial
703,703,0,4,5,6,121,retail
704,704,2,12,2,10,212,software
705,705,2,18,2,0,206,education
706,706,13,6,1,21,93,retail
707,707,5,28,1,5,100,realestate
708,708,14,10,2,11,195,financial
709,709,1,22,3,18,183,pharmaceutical
710,710,14,7,7,19,182,software
711,711,2,27,0,14,202,pharmaceutical
712,712,0,7,1,4,123,realestate
713,713,9,6,0,12,47,financial
714,714,7,21,0,3,136,pharmaceutical
715,715,2,12,9,8,206,financial
716,716,9,5,2,15,55,pharmaceutical
717,717,9,24,1,22,53,financial
718,718,19,15,6,4,79,software
719,719,18,24,1,24,59,software
720,720,14,17,0,17,184,retail
721,721,7,16,8,27,132,retail
722,722,3,0,9,9,172,retail
723,723,17,7,5,8,201,realestate
724,724,2,11,4,10,203,education
725,725,18,8,1,2,86,retail
726,726,13,20,9,10,93,financial
727,727,9,6,8,22,74,software
728,728,11,17,9,11,120,software
729,729,9,4,0,17,76,education
730,730,14,28,4,28,197,education
731,731,12,26,8,28,109,software
732,732,6,2,5,7,81,retail
733,733,4,21,3,22,157,retail
734,734,16,13,3,8,149,education
735,735,7,27,1,12,139,retail
736,736,4,5,1,25,174,software
737,737,14,22,0,21,198,retail
738,738,8,4,4,13,145,pharmaceutical
739,739,13,21,8,24,100,retail
740,740,18,25,1,15,98,retail
741,741,5,17,6,10,111,pharmaceutical
742,742,13,23,7,11,143,financial
743,743,12,29,3,12,86,retail
744,744,17,17,5,23,193,retail
745,745,1,14,6,13,157,education
746,746,3,29,5,19,202,software
747,747,4,14,3,24,192,education
748,748,13,11,9,20,98,financial
749,749,17,18,6,20,196,software
750,750,7,29,4,15,167,retail
751,751,15,25,8,25,193,financial
752,752,13,13,2,22,116,retail
753,753,12,20,5,10,89,realestate
754,754,0,29,5,17,120,financial
755,755,4,9,4,21,152,pharmaceutical
756,756,8,29,4,11,125,realestate
757,757,15,25,5,21,205,education
758,758,19,29,4,9,112,retail
759,759,19,17,0,8,114,realestate
760,760,1,1,6,14,187,retail
761,761,1,0,9,15,162,realestate
762,762,19,1,8,11,116,software
763,763,7,9,3,14,139,software
764,764,0,11,8,29,122,financial
765,765,7,21,0,0,143,financial
766,766,16,15,7,19,161,realestate
767,767,2,14,9,9,210,realestate
768,768,13,1,0,7,136,pharmaceutical
769,769,18,6,2,0,66,education
770,770,10,26,2,3,149,financial
771,771,19,24,8,20,92,software
772,772,7,22,5,13,121,financial
773,773,4,25,5,2,182,realestate
774,774,11,27,4,19,128,realestate
775,775,10,2,6,10,120,education
776,776,7,5,3,5,138,pharmaceutical
777,777,18,15,9,17,77,financial
778,778,2,22,6,23,202,education
779,779,13,8,0,16,145,pharmaceutical
780,780,2,5,0,24,212,financial
781,781,4,8,6,13,188,education
782,782,7,8,1,13,140,financial
783,783,0,14,9,6,120,education
784,784,9,26,4,20,58,education
785,785,7,11,6,12,167,realestate
786,786,0,29,4,21,120,pharmaceutical
787,787,6,13,8,25,51,realestate
788,788,12,4,7,18,87,financial
789,789,5,24,1,24,138,financial
790,790,17,23,3,19,194,financial
791,791,16,21,1,15,154,financial
792,792,14,4,3,8,197,software
793,793,3,29,0,21,217,education
794,794,13,14,3,3,102,education
795,795,14,10,0,26,198,software
796,796,5,22,2,6,122,retail
797,797,11,13,3,1,124,financial
798,798,14,4,5,5,195,pharmaceutical
799,799,0,2,4,14,122,pharmaceutical
800,800,9,28,0,1,101,software
801,801,14,20,5,20,185,pharmaceutical
802,802,7,22,9,1,161,education
803,803,3,1,9,1,190,retail
804,804,7,14,0,7,153,financial
805,805,1,28,5,20,230,education
806,806,3,25,9,11,209,pharmaceutical
807,807,9,14,9,11,65,software
808,808,5,7,5,20,124,software
809,809,12,15,8,16,93,realestate
810,810,13,17,5,1,104,software
811,811,13,5,0,22,116,pharmaceutical
812,812,16,14,2,2,162,education
813,813,7,7,8,20,134,retail
814,814,0,26,4,17,123,realestate
815,815,0,4,2,19,121,pharmaceutical
816,816,18,13,9,4,86,education
817,817,16,9,3,12,156,financial
818,818,14,15,5,2,185,retail
819,819,13,24,7,0,96,education
820,820,5,3,9,7,92,pharmaceutical
821,821,18,15,6,16,65,financial
822,822,13,20,6,2,146,realestate
823,823,2,16,3,3,205,realestate
824,824,6,14,8,26,38,software
825,825,9,5,9,7,91,education
826,826,6,20,9,21,43,financial
827,827,15,20,1,9,203,realestate
828,828,16,6,7,26,159,retail
829,829,5,13,7,7,108,retail
830,830,10,16,8,12,152,software
831,831,14,26,1,25,199,education
832,832,13,29,6,8,108,retail
833,833,1,3,4,21,191,education
834,834,14,9,0,21,182,retail
835,835,18,11,7,4,61,financial
836,836,19,5,2,21,91,pharmaceutical
837,837,8,1,3,1,120,education
838,838,16,29,9,3,156,retail
839,839,9,8,2,13,48,retail
840,840,19,26,1,12,71,pharmaceutical
841,841,2,28,8,1,219,education
842,842,16,25,2,8,149,software
843,843,12,15,7,7,95,software
844,844,3,22,5,23,202,software
845,845,13,4,4,26,89,pharmaceutical
846,846,16,15,7,5,149,software
847,847,17,29,5,13,195,software
848,848,1,15,9,19,224,realestate
849,849,19,9,5,23,100,education
850,850,16,26,8,9,160,software
851,851,0,19,6,6,119,software
852,852,1,6,1,0,215,education
853,853,16,4,7,25,149,education
854,854,14,16,0,4,186,financial
855,855,4,10,8,5,177,pharmaceutical
856,856,12,10,4,19,102,education
857,857,17,24,0,10,201,financial
858,858,12,18,6,19,90,pharmaceutical
859,859,9,16,9,1,79,education
860,860,3,3,3,24,178,education
861,861,4,20,3,14,170,realestate
862,862,8,17,7,12,178,financial
863,863,3,8,0,28,170,retail
864,864,4,17,8,25,164,pharmaceutical
865,865,0,17,7,26,123,realestate
866,866,4,18,5,2,135,pharmaceutical
867,867,2,11,1,23,210,retail
868,868,11,19,6,5,101,education
869,869,17,21,0,17,202,education
870,870,7,1,4,27,151,realestate
871,871,5,20,6,28,106,financial
872,872,17,16,9,24,200,retail
873,873,17,18,5,21,201,software
874,874,14,1,1,16,179,retail
875,875,2,8,0,20,201,pharmaceutical
876,876,14,9,3,27,187,software
877,877,6,17,0,11,51,financial
878,878,13,11,5,2,119,financial
879,879,3,19,6,15,199,retail
880,880,2,14,3,16,214,pharmaceutical
881,881,11,7,5,14,108,financial
882,882,3,13,7,24,196,financial
883,883,11,11,1,24,126,education
884,884,19,6,8,12,87,financial
885,885,18,1,9,9,82,financial
886,886,5,9,6,24,116,software
887,887,8,1,2,5,114,education
888,888,4,7,6,12,134,software
889,889,0,10,2,20,121,pharmaceutical
890,890,8,17,6,1,184,retail
891,891,4,8,9,7,161,education
892,892,1,13,4,16,163,software
893,893,17,21,4,15,200,education
894,894,0,19,7,2,120,pharmaceutical
895,895,16,3,7,29,147,software
896,896,18,18,7,13,61,retail
897,897,11,2,3,18,93,retail
898,898,13,28,0,10,124,realestate
899,899,8,0,0,28,138,education
900,900,3,11,7,1,168,software
901,901,5,2,2,29,121,education
902,902,9,11,9,21,57,retail
903,903,2,10,2,23,216,financial
904,904,4,18,5,24,191,financial
905,905,5,7,2,26,92,retail
906,906,16,14,4,23,146,retail
907,907,3,23,8,19,190,retail
908,908,7,4,7,16,159,financial
909,909,3,21,3,18,205,retail
910,910,10,26,1,0,152,financial
911,911,19,28,2,13,109,pharmaceutical
912,912,11,16,1,7,108,education
913,913,2,20,7,23,208,retail
914,914,7,8,2,5,144,financial
915,915,18,12,9,24,59,education
916,916,2,5,7,0,210,pharmaceutical
917,917,1,12,7,17,228,software
918,918,4,7,0,17,176,realestate
919,919,3,25,2,8,192,education
920,920,3,7,6,5,176,software
921,921,14,18,1,20,190,realestate
922,922,13,13,4,5,106,pharmaceutical
923,923,0,15,3,26,119,software
924,924,9,5,9,14,80,pharmaceutical
925,925,14,14,8,2,197,pharmaceutical
926,926,10,0,3,25,93,education
927,927,16,27,9,16,160,realestate
928,928,16,24,6,3,155,realestate
929,929,18,27,5,8,95,education
930,930,13,2,9,18,123,pharmaceutical
931,931,1,19,2,20,212,retail
932,932,7,9,5,28,150,education
933,933,19,27,5,23,79,retail
934,934,3,7,7,24,191,software
935,935,7,24,8,25,144,pharmaceutical
936,936,8,29,2,26,129,pharmaceutical
937,937,10,24,5,17,151,realestate
938,938,18,27,7,12,98,education
939,939,3,9,1,22,217,education
940,940,8,19,7,26,187,financial
941,941,18,5,1,10,99,financial
942,942,6,10,8,21,49,realestate
943,943,17,14,5,27,205,education
944,944,2,20,8,11,212,software
945,945,18,10,7,1,85,pharmaceutical
946,946,19,12,7,12,85,financial
947,947,9,29,9,4,48,financial
948,948,3,5,6,2,208,realestate
949,949,3,13,3,13,194,realestate
950,950,1,14,0,29,190,software
951,951,0,22,1,10,122,pharmaceutical
952,952,8,6,1,21,167,pharmaceutical
953,953,7,22,0,23,161,retail
954,954,16,23,3,16,162,software
955,955,17,15,3,3,204,financial
956,956,5,16,2,8,135,education
957,957,17,20,2,25,199,financial
958,958,3,13,1,19,211,pharmaceutical
959,959,12,20,4,3,93,financial
960,960,10,26,6,28,139,software
961,961,16,16,3,9,159,retail
962,962,7,29,8,4,122,realestate
963,963,11,7,6,26,103,financial
964,964,7,14,8,13,133,realestate
965,965,0,5,8,6,123,pharmaceutical
966,966,19,25,7,18,107,realestate
967,967,17,25,7,9,199,realestate
968,968,4,13,7,21,158,software
969,969,15,24,4,27,182,financial
970,970,7,3,7,10,134,pharmaceutical
971,971,2,8,1,7,212,pharmaceutical
972,972,19,22,5,1,73,financial
973,973,17,7,2,17,204,software
974,974,12,18,1,11,85,software
975,975,16,23,3,19,158,financial
976,976,15,8,9,24,196,realestate
977,977,12,7,5,13,84,realestate
978,978,8,13,9,13,163,retail
979,979,7,7,1,25,130,realestate
980,980,3,7,5,6,170,financial
981,981,18,8,6,14,61,pharmaceutical
982,982,11,4,4,23,103,software
983,983,15,22,6,7,210,retail
984,984,3,18,2,22,210,realestate
985,985,10,24,3,7,131,realestate
986,986,1,29,3,17,162,financial
987,987,11,10,6,4,107,software
988,988,11,2,9,28,108,education
989,989,5,16,0,22,135,financial
990,990,17,20,2,6,191,realestate
991,991,3,7,1,20,205,financial
992,992,3,9,7,18,205,realestate
993,993,6,19,1,10,48,education
994,994,11,6,8,8,113,realestate
995,995,12,6,7,7,106,realestate
996,996,15,17,6,22,194,realestate
997,997,6,21,8,3,46,financial
998,998,19,1,6,6,81,education
999,999,8,1,3,26,159,education
1000,1000,4,5,0,2,176,retail
1001,1001,14,5,0,13,199,software
1002,1002,12,11,2,17,99,retail
1003,1003,8,3,6,26,189,financial
1004,1004,18,22,0,19,100,software
1005,1005,12,10,1,29,93,education
1006,1006,13,8,7,6,103,education
1007,1007,1,19,1,3,217,software
1008,1008,1,27,2,7,192,financial
1009,1009,11,26,5,6,121,financial
1010,1010,10,18,4,17,122,retail
1011,1011,2,19,4,26,201,financial
1012,1012,12,3,8,0,85,retail
1013,1013,14,19,4,21,182,realestate
1014,1014,10,2,9,13,135,pharmaceutical
1015,1015,1,20,7,12,192,pharmaceutical
1016,1016,13,21,2,11,143,retail
1017,1017,12,17,9,27,84,education
1018,1018,11,20,5,20,107,software
1019,1019,19,10,9,20,115,financial
1020,1020,0,25,3,16,123,education
1021,1021,15,14,5,25,215,realestate
1022,1022,2,24,3,4,213,education
1023,1023,2,4,4,26,205,financial
1024,1024,11,5,4,18,128,financial
1025,1025,12,18,7,7,106,financial
1026,1026,15,20,3,1,186,retail
1027,1027,6,29,5,24,55,realestate
1028,1028,10,7,5,28,95,retail
1029,1029,11,2,6,28,123,pharmaceutical
1030,1030,14,4,6,15,183,software
1031,1031,7,0,0,1,149,education
1032,1032,9,13,6,28,96,pharmaceutical
1033,1033,1,17,9,2,213,realestate
1034,1034,5,10,2,17,140,realestate
1035,1035,13,13,2,2,139,financial
1036,1036,14,16,4,22,185,financial
1037,1037,5,21,9,6,139,education
1038,1038,2,13,5,2,208,pharmaceutical
1039,1039,15,19,7,2,188,software
1040,1040,16,0,4,13,158,education
1041,1041,1,12,7,23,202,realestate
1042,1042,16,27,6,8,149,financial
1043,1043,17,8,4,2,184,retail
1044,1044,3,16,4,3,176,pharmaceutical
1045,1045,9,4,8,17,44,realestate
1046,1046,14,5,4,21,188,software
1047,1047,10,18,1,3,92,pharmaceutical
1048,1048,10,9,7,24,134,financial
1049,1049,5,5,0,0,98,pharmaceutical
1050,1050,19,12,0,23,119,retail
1051,1051,15,5,8,12,204,pharmaceutical
1052,1052,13,29,0,2,133,education
1053,1053,1,27,5,4,200,pharmaceutical
1054,1054,9,10,1,1,59,pharmaceutical
1055,1055,1,0,7,29,186,education
1056,1056,10,13,4,16,135,retail
1057,1057,14,8,3,21,193,software
1058,1058,1,10,5,3,202,software
1059,1059,19,25,8,9,93,pharmaceutical
1060,1060,6,1,0,10,45,financial
1061,1061,14,6,5,23,185,retail
1062,1062,16,10,8,19,159,realestate
1063,1063,14,6,1,5,179,pharmaceutical
1064,1064,2,27,5,18,217,retail
1065,1065,17,0,6,22,196,realestate
1066,1066,5,11,2,11,100,education
1067,1067,17,9,5,20,190,education
1068,1068,0,16,7,10,119,realestate
1069,1069,6,6,8,22,77,pharmaceutical
1070,1070,8,12,9,6,141,retail
1071,1071,7,13,5,11,142,pharmaceutical
1072,1072,9,29,6,9,103,pharmaceutical
1073,1073,8,12,9,17,200,education
1074,1074,3,11,3,5,191,pharmaceutical
1075,1075,4,28,7,0,186,realestate
1076,1076,4,1,3,15,194,financial
1077,1077,5,1,0,13,129,pharmaceutical
1078,1078,15,25,5,29,182,software
1079,1079,1,26,4,28,235,retail
1080,1080,16,7,0,28,162,education
1081,1081,5,20,0,25,112,financial
1082,1082,1,12,4,7,159,financial
1083,1083,12,26,9,2,107,education
1084,1084,16,13,6,29,162,realestate
1085,1085,1,24,3,16,230,retail
1086,1086,10,14,3,23,119,realestate
1087,1087,15,14,7,29,211,software
1088,1088,1,14,3,21,221,pharmaceutical
1089,1089,16,0,9,1,162,realestate
1090,1090,10,15,4,19,122,education
1091,1091,5,17,7,16,96,software
1092,1092,13,18,3,18,114,education
1093,1093,8,4,3,29,203,software
1094,1094,6,6,3,29,68,software
1095,1095,18,27,6,8,98,pharmaceutical
1096,1096,19,26,6,19,101,realestate
1097,1097,9,12,1,16,59,retail
1098,1098,13,1,5,11,124,pharmaceutical
1099,1099,13,10,8,15,118,pharmaceutical
1100,1100,18,6,7,17,54,financial
1101,1101,14,0,2,26,181,software
1102,1102,10,11,4,7,108,financial
1103,1103,12,27,6,10,107,retail
1104,1104,19,13,7,0,98,retail
1105,1105,17,19,5,4,193,education
1106,1106,10,29,3,6,94,education
1107,1107,0,24,0,12,123,financial
1108,1108,7,22,5,15,165,realestate
1109,1109,9,4,5,25,85,education
1110,1110,5,7,2,9,96,pharmaceutical
1111,1111,11,3,0,19,105,education
1112,1112,10,14,0,17,154,software
1113,1113,12,25,1,25,106,financial
1114,1114,12,25,4,17,78,pharmaceutical
1115,1115,6,29,7,7,41,realestate
1116,1116,10,2,0,15,143,education
1117,1117,15,8,1,7,181,retail
1118,1118,18,3,9,7,51,education
1119,1119,0,23,7,27,119,software
1120,1120,8,0,0,15,157,realestate
1121,1121,9,15,5,28,52,software
1122,1122,13,2,2,16,136,software
1123,1123,10,6,9,28,137,software
1124,1124,9,17,5,29,52,software
1125,1125,16,24,0,0,162,realestate
1126,1126,6,22,0,24,81,education
1127,1127,14,8,2,28,189,education
1128,1128,13,21,8,22,105,financial
1129,1129,3,8,0,28,185,pharmaceutical
1130,1130,17,10,9,11,198,software
1131,1131,15,3,8,17,214,pharmaceutical
1132,1132,1,1,3,26,200,retail
1133,1133,10,8,4,14,159,education
1134,1134,19,12,1,10,79,retail
1135,1135,2,7,7,26,218,education
1136,1136,11,22,4,20,95,realestate
1137,1137,4,26,3,9,165,realestate
1138,1138,14,6,8,11,190,realestate
1139,1139,7,13,8,9,153,realestate
1140,1140,4,27,7,17,133,financial
1141,1141,10,7,0,6,95,software
1142,1142,17,25,2,9,191,financial
1143,1143,3,23,2,20,171,financial
1144,1144,13,21,1,8,133,software
1145,1145,13,4,3,1,106,software
1146,1146,5,2,3,3,95,financial
1147,1147,13,11,3,2,131,retail
1148,1148,19,2,4,15,87,education
1149,1149,1,17,5,7,188,financial
1150,1150,3,6,6,19,195,realestate
1151,1151,1,0,1,1,159,software
1152,1152,9,29,7,17,76,financial
1153,1153,14,5,0,13,190,software
1154,1154,11,3,6,20,105,retail
1155,1155,4,10,6,27,181,retail
1156,1156,0,29,2,15,121,software
1157,1157,14,17,9,22,182,pharmaceutical
1158,1158,2,5,4,2,213,software
1159,1159,7,22,0,20,160,retail
1160,1160,7,7,8,0,145,realestate
1161,1161,5,6,7,2,92,pharmaceutical
1162,1162,16,17,1,4,148,education
1163,1163,16,8,7,9,157,financial
1164,1164,0,13,3,7,119,retail
1165,1165,12,21,4,28,89,retail
1166,1166,5,7,2,15,136,pharmaceutical
1167,1167,15,13,3,6,201,pharmaceutical
1168,1168,8,27,5,13,187,retail
1169,1169,8,18,5,1,137,pharmaceutical
1170,1170,19,13,9,23,108,realestate
1171,1171,10,26,2,0,138,retail
1172,1172,6,6,1,26,68,software
1173,1173,14,6,8,22,195,retail
1174,1174,1,15,1,23,211,retail
1175,1175,18,13,9,24,84,realestate
1176,1176,19,18,7,7,83,software
1177,1177,1,13,4,1,194,education
1178,1178,4,4,5,15,164,financial
1179,1179,5,15,5,26,140,software
1180,1180,2,27,2,1,201,software
1181,1181,5,8,0,20,111,education
1182,1182,19,19,0,16,83,pharmaceutical
1183,1183,2,9,3,13,214,software
1184,1184,15,22,7,22,183,education
1185,1185,15,14,3,14,183,software
1186,1186,12,7,0,15,106,software
1187,1187,1,12,4,11,192,software
1188,1188,19,19,6,12,88,financial
1189,1189,18,6,9,23,69,realestate
1190,1190,8,1,9,15,165,software
1191,1191,1,21,9,18,211,realestate
1192,1192,18,6,8,24,98,education
1193,1193,16,18,0,8,157,education
1194,1194,11,20,1,25,102,pharmaceutical
1195,1195,4,6,7,28,151,software
1196,1196,5,10,9,7,123,education
1197,1197,18,0,8,24,77,realestate
1198,1198,4,15,4,2,146,financial
1199,1199,5,14,3,5,96,realestate
1200,1200,10,12,6,16,101,software
1201,1201,18,17,1,17,75,education
1202,1202,9,25,2,0,103,pharmaceutical
1203,1203,13,10,4,21,112,realestate
1204,1204,15,0,3,2,190,realestate
1205,1205,3,27,0,9,186,pharmaceutical
1206,1206,3,10,6,7,199,software
1207,1207,3,22,9,0,208,education
1208,1208,4,7,9,5,187,education
1209,1209,0,9,2,10,121,financial
1210,1210,16,24,8,3,151,realestate
1211,1211,11,21,0,9,117,retail
1212,1212,1,18,3,23,228,financial
1213,1213,14,26,4,16,199,software
1214,1214,9,14,1,23,51,realestate
1215,1215,18,3,2,0,70,education
1216,1216,11,8,0,1,136,retail
1217,1217,0,26,6,26,122,education
1218,1218,7,22,4,19,135,software
1219,1219,8,2,0,8,187,financial
1220,1220,6,23,6,6,62,pharmaceutical
1221,1221,0,29,5,21,121,pharmaceutical
1222,1222,2,21,6,4,201,realestate
1223,1223,15,20,6,3,193,financial
1224,1224,9,16,4,18,56,pharmaceutical
1225,1225,8,15,1,28,136,pharmaceutical
1226,1226,2,6,8,20,218,realestate
1227,1227,8,4,6,23,118,software
1228,1228,7,1,6,0,136,pharmaceutical
1229,1229,8,3,5,13,193,software
1230,1230,18,15,7,3,72,pharmaceutical
1231,1231,4,8,3,13,155,software
1232,1232,18,5,8,15,65,pharmaceutical
1233,1233,14,27,0,10,188,education
1234,1234,19,29,5,5,105,realestate
1235,1235,16,1,4,18,156,realestate
1236,1236,9,20,8,13,53,financial
1237,1237,16,19,1,23,152,realestate
1238,1238,2,22,6,11,211,retail
1239,1239,11,18,8,20,133,education
1240,1240,14,8,3,19,193,pharmaceutical
1241,1241,18,2,7,4,70,retail
1242,1242,18,21,6,6,88,software
1243,1243,9,20,1,11,76,realestate
1244,1244,15,8,5,12,214,realestate
1245,1245,9,15,7,6,79,pharmaceutical
1246,1246,8,17,1,26,166,software
1247,1247,17,0,4,22,203,software
1248,1248,15,17,4,2,206,education
1249,1249,4,20,8,4,143,realestate
1250,1250,17,27,6,27,186,realestate
1251,1251,16,12,9,29,148,realestate
1252,1252,17,12,0,6,197,pharmaceutical
1253,1253,17,25,3,2,184,realestate
1254,1254,0,22,1,9,119,retail
1255,1255,10,28,8,19,141,software
1256,1256,16,20,0,23,154,retail
1257,1257,4,27,2,13,160,education
1258,1258,16,23,6,15,151,pharmaceutical
1259,1259,18,23,2,26,52,realestate
1260,1260,5,11,8,1,124,retail
1261,1261,16,14,3,27,148,pharmaceutical
1262,1262,9,29,7,11,75,retail
1263,1263,13,1,3,12,130,education
1264,1264,19,28,2,22,106,pharmaceutical
1265,1265,8,23,8,18,170,education
1266,1266,14,18,0,26,193,realestate
1267,1267,7,14,8,26,122,education
1268,1268,2,6,2,11,206,realestate
1269,1269,6,29,0,14,54,software
1270,1270,2,0,5,18,215,realestate
1271,1271,17,1,5,18,192,retail
1272,1272,12,26,3,22,94,financial
1273,1273,6,4,9,27,53,financial
1274,1274,1,28,7,27,232,education
1275,1275,8,14,6,19,184,realestate
1276,1276,7,9,6,6,140,realestate
1277,1277,1,26,0,4,192,realestate
1278,1278,19,10,2,14,110,education
1279,1279,17,26,9,13,185,retail
1280,1280,11,10,3,1,128,retail
1281,1281,1,27,4,3,222,software
1282,1282,10,8,0,8,120,retail
1283,1283,15,6,6,21,213,realestate
1284,1284,16,9,0,14,150,financial
1285,1285,16,13,4,16,149,realestate
1286,1286,8,22,0,17,122,pharmaceutical
1287,1287,17,23,3,22,183,realestate
1288,1288,4,27,5,17,157,retail
1289,1289,2,14,4,25,202,pharmaceutical
1290,1290,18,6,0,7,78,financial
1291,1291,15,4,7,17,200,software
1292,1292,9,24,6,10,47,software
1293,1293,4,0,3,7,145,financial
1294,1294,19,25,9,7,110,education
1295,1295,19,23,9,6,76,pharmaceutical
1296,1296,14,20,1,26,187,retail
1297,1297,16,27,0,10,158,financial
1298,1298,17,27,7,11,201,realestate
1299,1299,15,17,6,15,191,pharmaceutical
1300,1300,0,6,1,18,121,retail
1301,1301,4,21,0,1,195,software
1302,1302,8,12,2,26,131,retail
1303,1303,2,22,6,6,211,software
1304,1304,11,26,7,13,106,software
1305,1305,13,2,1,9,98,realestate
1306,1306,3,2,6,8,210,realestate
1307,1307,13,27,7,24,107,software
1308,1308,19,15,1,18,97,retail
1309,1309,18,19,2,20,63,financial
1310,1310,15,25,5,17,217,pharmaceutical
1311,1311,15,5,6,16,187,software
1312,1312,5,4,0,11,107,software
1313,1313,1,8,4,12,187,financial
1314,1314,9,10,5,16,44,financial
1315,1315,4,6,7,15,152,retail
1316,1316,19,21,4,7,106,realestate
1317,1317,10,4,5,14,121,pharmaceutical
1318,1318,3,9,7,15,194,realestate
1319,1319,9,18,5,17,48,retail
1320,1320,17,4,5,1,203,realestate
1321,1321,16,27,7,27,155,education
1322,1322,16,6,5,16,156,education
1323,1323,4,24,8,0,153,realestate
1324,1324,17,0,4,27,202,pharmaceutical
1325,1325,3,26,7,26,192,retail
1326,1326,6,8,2,8,86,education
1327,1327,3,20,3,22,168,realestate
1328,1328,10,28,0,21,104,education
1329,1329,1,26,0,25,159,retail
1330,1330,9,21,5,6,70,retail
1331,1331,18,12,0,21,51,education
1332,1332,4,22,0,8,140,software
1333,1333,6,14,4,28,58,software
1334,1334,10,26,6,8,129,education
1335,1335,18,19,8,26,87,financial
1336,1336,9,25,9,3,82,education
1337,1337,19,10,6,27,74,realestate
1338,1338,6,9,5,25,66,retail
1339,1339,2,5,7,5,204,realestate
1340,1340,13,26,6,11,140,pharmaceutical
1341,1341,4,13,7,10,166,software
1342,1342,1,14,2,27,191,retail
1343,1343,5,27,6,21,114,education
1344,1344,4,13,2,3,167,software
1345,1345,17,15,3,21,198,education
1346,1346,15,20,9,5,208,retail
1347,1347,15,15,8,21,215,pharmaceutical
1348,1348,17,0,9,7,197,pharmaceutical
1349,1349,2,8,9,12,203,financial
1350,1350,18,27,2,5,86,pharmaceutical
1351,1351,1,24,8,6,167,retail
1352,1352,1,17,4,17,156,realestate
1353,1353,19,14,4,2,82,pharmaceutical
1354,1354,17,0,7,6,190,education
1355,1355,19,13,3,26,96,financial
1356,1356,18,26,0,2,71,education
1357,1357,14,21,3,29,182,education
1358,1358,13,15,2,19,143,financial
1359,1359,13,15,2,12,111,education
1360,1360,15,11,1,20,194,education
1361,1361,5,6,3,8,127,financial
1362,1362,2,19,0,29,212,pharmaceutical
1363,1363,13,19,5,0,95,software
1364,1364,11,11,5,29,95,retail
1365,1365,8,8,3,23,184,software
1366,1366,14,0,0,5,194,pharmaceutical
1367,1367,8,14,9,23,111,financial
1368,1368,18,13,4,17,58,pharmaceutical
1369,1369,0,24,4,26,120,realestate
1370,1370,10,17,8,21,151,financial
1371,1371,5,10,7,29,99,realestate
1372,1372,18,23,1,1,87,realestate
1373,1373,11,15,2,14,141,software
1374,1374,18,8,0,26,55,retail
1375,1375,11,19,3,26,96,education
1376,1376,1,19,4,19,180,pharmaceutical
1377,1377,12,8,3,19,97,software
1378,1378,15,25,4,19,219,pharmaceutical
1379,1379,0,3,0,12,119,realestate
1380,1380,12,24,5,27,81,retail
1381,1381,4,10,0,16,183,education
1382,1382,3,22,4,4,174,financial
1383,1383,1,23,8,25,161,realestate
1384,1384,14,4,5,26,196,education
1385,1385,10,3,3,17,116,retail
1386,1386,6,26,4,5,42,pharmaceutical
1387,1387,10,10,7,23,123,education
1388,1388,13,19,4,8,92,education
1389,1389,3,29,0,13,192,education
1390,1390,0,12,7,12,119,pharmaceutical
1391,1391,4,20,2,28,193,retail
1392,1392,6,14,5,29,43,financial
1393,1393,14,3,7,2,192,retail
1394,1394,11,9,8,21,120,financial
1395,1395,16,8,7,5,153,financial
1396,1396,11,20,0,15,107,pharmaceutical
1397,1397,11,18,6,12,139,retail
1398,1398,15,22,3,27,207,pharmaceutical
1399,1399,0,27,3,12,123,pharmaceutical
1400,1400,0,16,6,14,120,pharmaceutical
1401,1401,8,29,0,1,164,software
1402,1402,12,5,3,9,96,education
1403,1403,4,9,5,4,193,pharmaceutical
1404,1404,10,13,1,10,139,software
1405,1405,12,28,7,0,89,realestate
1406,1406,0,22,2,20,119,education
1407,1407,16,21,1,26,162,retail
1408,1408,10,11,6,25,133,financial
1409,1409,0,3,8,15,120,software
1410,1410,11,8,4,19,141,retail
1411,1411,10,15,8,15,88,realestate
1412,1412,11,21,0,5,104,education
1413,1413,16,13,3,4,149,software
1414,1414,16,2,9,6,160,retail
1415,1415,11,25,3,24,132,software
1416,1416,12,7,2,14,104,pharmaceutical
1417,1417,3,11,2,17,177,education
1418,1418,2,22,8,27,213,education
1419,1419,11,10,3,3,127,pharmaceutical
1420,1420,8,9,2,13,149,retail
1421,1421,0,17,2,8,120,realestate
1422,1422,11,24,7,5,94,financial
1423,1423,4,18,5,3,165,education
1424,1424,6,17,3,12,44,realestate
1425,1425,9,26,8,26,68,education
1426,1426,6,12,5,19,78,software
1427,1427,16,4,5,17,152,education
1428,1428,1,23,3,18,215,pharmaceutical
1429,1429,2,5,1,21,217,education
1430,1430,17,0,8,6,201,retail
1431,1431,3,28,7,24,186,financial
1432,1432,10,18,9,23,128,software
1433,1433,6,9,0,23,39,software
1434,1434,12,17,5,9,98,retail
1435,1435,9,0,6,23,85,education
1436,1436,13,10,2,10,134,realestate
1437,1437,18,29,3,21,83,education
1438,1438,17,4,0,13,194,software
1439,1439,17,29,7,27,201,realestate
1440,1440,15,2,4,6,200,software
1441,1441,19,10,4,8,89,education
1442,1442,1,22,1,14,190,education
1443,1443,19,28,1,0,91,retail
1444,1444,13,25,1,28,92,pharmaceutical
1445,1445,14,15,2,8,198,realestate
1446,1446,12,25,0,28,83,pharmaceutical
1447,1447,17,26,5,27,185,financial
1448,1448,10,3,7,29,109,retail
1449,1449,8,20,6,4,130,education
1450,1450,19,23,3,11,86,financial
1451,1451,0,23,3,7,119,education
1452,1452,8,26,7,14,208,realestate
1453,1453,1,22,3,23,194,realestate
1454,1454,11,12,9,2,123,software
1455,1455,2,0,0,7,219,financial
1456,1456,12,29,3,10,95,financial
1457,1457,17,27,2,20,205,realestate
1458,1458,16,16,5,18,154,software
1459,1459,3,29,2,17,169,realestate
1460,1460,4,6,7,4,165,retail
1461,1461,1,14,7,3,211,retail
1462,1462,8,24,4,27,175,software
1463,1463,13,11,3,11,89,software
1464,1464,13,9,8,2,134,financial
1465,1465,3,24,3,13,176,software
1466,1466,2,9,2,17,204,pharmaceutical
1467,1467,14,0,3,3,199,software
1468,1468,15,18,2,1,182,realestate
1469,1469,18,8,1,9,96,pharmaceutical
1470,1470,8,21,7,16,170,realestate
1471,1471,6,16,3,25,72,financial
1472,1472,11,22,3,11,123,education
1473,1473,18,14,1,7,94,software
1474,1474,9,2,7,22,70,financial
1475,1475,14,10,9,14,189,education
1476,1476,19,7,4,20,107,education
1477,1477,3,27,4,1,201,retail
1478,1478,0,12,8,11,122,realestate
1479,1479,7,16,7,17,137,financial
1480,1480,4,26,0,22,184,pharmaceutical
1481,1481,18,6,7,23,97,software
1482,1482,10,26,6,10,111,software
1483,1483,15,25,6,22,178,retail
1484,1484,13,0,6,13,119,pharmaceutical
1485,1485,12,2,0,14,100,software
1486,1486,10,28,2,2,110,education
1487,1487,18,13,8,26,57,pharmaceutical
1488,1488,7,14,1,21,147,pharmaceutical
1489,1489,7,6,5,23,152,software
1490,1490,0,14,0,29,123,financial
1491,1491,11,16,2,15,138,financial
1492,1492,10,0,8,7,159,realestate
1493,1493,8,18,0,26,140,retail
1494,1494,0,29,5,23,121,pharmaceutical
1495,1495,5,29,6,2,103,pharmaceutical
1496,1496,3,15,4,25,207,education
1497,1497,7,22,9,4,158,software
1498,1498,5,22,9,1,137,realestate
1499,1499,13,2,0,22,112,realestate
1500,1500,4,6,5,29,165,realestate
1501,1501,14,28,0,14,178,education
1502,1502,6,29,6,6,83,retail
1503,1503,9,29,1,6,54,realestate
1504,1504,14,23,3,9,186,pharmaceutical
1505,1505,5,5,7,6,116,realestate
1506,1506,8,17,1,5,110,retail
1507,1507,11,18,8,10,102,education
1508,1508,10,25,3,29,113,software
1509,1509,2,6,8,3,204,financial
1510,1510,10,20,2,3,140,education
1511,1511,2,24,9,23,216,realestate
1512,1512,3,6,2,26,167,software
1513,1513,1,9,6,19,204,software
1514,1514,14,6,9,9,188,realestate
1515,1515,2,3,4,12,219,software
1516,1516,3,14,9,3,192,financial
1517,1517,19,26,4,15,109,pharmaceutical
1518,1518,2,21,2,4,207,retail
1519,1519,11,17,9,27,119,financial
1520,1520,16,23,8,23,158,retail
1521,1521,0,7,7,0,119,software
1522,1522,0,6,3,0,119,pharmaceutical
1523,1523,2,6,1,22,210,retail
1524,1524,14,24,6,2,183,education
1525,1525,16,21,5,0,150,pharmaceutical
1526,1526,17,25,6,26,192,pharmaceutical
1527,1527,4,6,7,14,131,retail
1528,1528,8,27,9,29,202,realestate
1529,1529,14,15,9,4,197,financial
1530,1530,6,4,1,0,45,pharmaceutical
1531,1531,12,1,7,5,105,education
1532,1532,8,0,4,28,171,software
1533,1533,0,13,2,6,121,retail
1534,1534,13,3,0,16,143,pharmaceutical
1535,1535,13,14,6,11,102,realestate
1536,1536,5,8,6,10,123,education
1537,1537,19,17,6,16,106,retail
1538,1538,6,16,5,24,48,realestate
1539,1539,18,7,9,12,65,education
1540,1540,4,0,6,19,192,pharmaceutical
1541,1541,16,22,7,12,153,education
1542,1542,19,5,4,8,114,retail
1543,1543,1,26,1,0,188,financial
1544,1544,18,29,4,14,57,pharmaceutical
1545,1545,8,14,8,15,114,education
1546,1546,1,26,2,5,168,education
1547,1547,15,29,0,4,199,financial
1548,1548,5,17,1,24,109,education
1549,1549,5,19,6,20,121,education
1550,1550,10,17,1,3,93,realestate
1551,1551,18,29,7,12,74,pharmaceutical
1552,1552,9,29,8,27,47,retail
1553,1553,5,25,4,21,125,pharmaceutical
1554,1554,4,11,8,17,147,financial
1555,1555,2,11,8,3,210,pharmaceutical
1556,1556,11,6,6,23,97,retail
1557,1557,8,19,6,15,198,realestate
1558,1558,4,25,8,27,149,financial
1559,1559,9,26,7,15,65,retail
1560,1560,10,1,4,26,126,financial
1561,1561,7,0,9,0,130,retail
1562,1562,0,14,3,3,121,education
1563,1563,13,10,3,15,146,education
1564,1564,19,4,9,18,101,education
1565,1565,0,10,6,9,119,realestate
1566,1566,6,17,2,18,41,realestate
1567,1567,4,16,5,10,182,retail
1568,1568,11,22,2,15,112,software
1569,1569,13,19,8,6,115,education
1570,1570,15,22,5,18,204,software
1571,1571,3,14,7,17,209,financial
1572,1572,18,12,6,1,61,realestate
1573,1573,12,18,6,0,78,pharmaceutical
1574,1574,0,8,1,21,119,realestate
1575,1575,1,14,1,23,216,education
1576,1576,6,6,7,3,57,pharmaceutical
1577,1577,5,18,1,10,109,education
1578,1578,8,14,3,12,135,education
1579,1579,16,24,9,27,154,software
1580,1580,13,13,1,5,105,pharmaceutical
1581,1581,18,18,3,2,51,pharmaceutical
1582,1582,14,20,5,27,180,realestate
1583,1583,18,9,3,17,56,pharmaceutical
1584,1584,9,28,3,4,94,education
1585,1585,1,8,0,3,208,software
1586,1586,14,14,9,13,187,education
1587,1587,17,14,6,5,186,pharmaceutical
1588,1588,15,2,8,17,178,retail
1589,1589,16,7,0,13,157,software
1590,1590,12,21,8,29,96,pharmaceutical
1591,1591,8,27,5,11,165,education
1592,1592,16,22,8,13,152,retail
1593,1593,12,28,1,25,103,pharmaceutical
1594,1594,12,19,2,12,82,realestate
1595,1595,3,25,7,22,186,education
1596,1596,4,5,0,3,170,education
1597,1597,8,24,7,8,140,pharmaceutical
1598,1598,10,12,9,6,107,pharmaceutical
1599,1599,2,25,4,21,199,retail
1600,1600,12,16,3,4,89,pharmaceutical
1601,1601,19,21,7,25,102,realestate
1602,1602,14,22,1,5,178,retail
1603,1603,6,20,2,12,46,education
1604,1604,12,29,8,29,90,education
1605,1605,13,5,7,9,126,retail
1606,1606,0,6,9,1,120,education
1607,1607,6,24,0,5,81,financial
1608,1608,10,27,7,0,110,realestate
1609,1609,14,3,9,26,198,education
1610,1610,2,8,9,22,204,education
1611,1611,0,15,0,28,120,retail
1612,1612,17,18,0,26,188,realestate
1613,1613,3,9,9,5,209,realestate
1614,1614,6,29,1,18,57,financial
1615,1615,15,5,1,17,204,retail
1616,1616,5,11,7,16,100,realestate
1617,1617,19,20,7,12,89,realestate
1618,1618,16,6,3,18,148,education
1619,1619,17,3,6,14,184,financial
1620,1620,12,19,6,20,101,retail
1621,1621,5,6,1,24,140,realestate
1622,1622,9,21,1,0,49,realestate
1623,1623,3,29,6,27,188,education
1624,1624,11,23,5,23,127,realestate
1625,1625,15,1,9,20,214,realestate
1626,1626,2,8,4,7,208,pharmaceutical
1627,1627,5,13,3,9,133,retail
1628,1628,5,10,2,8,109,financial
1629,1629,6,27,6,7,41,education
1630,1630,4,4,8,21,146,retail
1631,1631,8,25,1,17,111,retail
1632,1632,17,6,9,20,197,education
1633,1633,1,18,3,12,169,realestate
1634,1634,12,19,7,27,110,software
1635,1635,3,14,4,13,196,education
1636,1636,1,8,9,18,233,realestate
1637,1637,10,25,2,26,107,realestate
1638,1638,11,23,4,12,111,financial
1639,1639,15,25,5,9,182,retail
1640,1640,2,3,7,28,204,realestate
1641,1641,16,28,6,2,150,realestate
1642,1642,17,13,8,8,187,financial
1643,1643,14,8,6,22,195,software
1644,1644,7,20,6,27,152,retail
1645,1645,11,17,8,5,99,financial
1646,1646,19,18,4,6,93,software
1647,1647,15,1,7,20,209,education
1648,1648,7,29,0,29,133,software
1649,1649,18,10,3,3,63,financial
1650,1650,3,12,3,18,212,financial
1651,1651,8,8,6,22,190,retail
1652,1652,4,29,7,19,192,realestate
1653,1653,18,19,8,25,90,software
1654,1654,11,24,5,10,110,software
1655,1655,19,1,4,3,74,retail
1656,1656,9,6,8,26,46,software
1657,1657,8,29,1,14,136,retail
1658,1658,18,8,8,1,54,financial
1659,1659,17,3,6,11,193,realestate
1660,1660,12,11,1,22,101,software
1661,1661,9,0,3,0,62,retail
1662,1662,16,15,7,21,162,retail
1663,1663,6,20,1,22,44,pharmaceutical
1664,1664,5,22,2,11,95,retail
1665,1665,11,28,4,28,118,realestate
1666,1666,8,10,0,26,183,realestate
1667,1667,18,29,8,7,100,financial
1668,1668,11,25,3,14,119,pharmaceutical
1669,1669,8,9,6,9,197,financial
1670,1670,9,24,6,3,103,software
1671,1671,0,19,0,20,120,financial
1672,1672,19,14,6,21,87,education
1673,1673,11,16,8,21,128,realestate
1674,1674,6,22,2,18,70,pharmaceutical
1675,1675,0,0,3,9,120,financial
1676,1676,5,24,9,28,110,pharmaceutical
1677,1677,14,8,7,10,193,pharmaceutical
1678,1678,11,26,8,13,135,realestate
1679,1679,11,26,6,12,95,software
1680,1680,15,22,8,16,180,software
1681,1681,15,26,8,6,206,retail
1682,1682,18,3,9,2,74,pharmaceutical
1683,1683,16,17,2,7,153,software
1684,1684,9,28,1,10,47,financial
1685,1685,19,29,3,8,93,financial
1686,1686,2,8,5,6,208,financial
1687,1687,7,5,1,1,119,education
1688,1688,14,28,2,19,194,realestate
1689,1689,9,16,5,1,65,software
1690,1690,15,4,6,22,197,retail
1691,1691,18,20,7,16,71,education
1692,1692,14,16,1,29,190,retail
1693,1693,17,18,2,9,194,realestate
1694,1694,14,3,3,15,190,software
1695,1695,3,7,8,20,214,financial
1696,1696,5,11,8,26,127,realestate
1697,1697,0,1,6,21,120,education
1698,1698,4,15,8,19,164,retail
1699,1699,4,11,5,27,156,retail
1700,1700,13,25,2,2,93,retail
1701,1701,5,28,9,16,99,retail
1702,1702,6,1,0,17,38,retail
1703,1703,14,23,0,28,188,financial
1704,1704,0,25,4,23,121,pharmaceutical
1705,1705,6,18,5,24,63,financial
1706,1706,12,15,1,24,95,retail
1707,1707,5,4,1,12,105,education
1708,1708,8,5,7,6,135,financial
1709,1709,13,29,6,20,113,realestate
1710,1710,0,23,5,13,121,retail
1711,1711,2,2,7,29,218,education
1712,1712,4,8,7,7,170,realestate
1713,1713,10,6,2,27,119,retail
1714,1714,2,7,0,4,205,education
1715,1715,4,22,1,7,151,pharmaceutical
1716,1716,0,25,8,10,120,education
1717,1717,1,16,1,7,205,financial
1718,1718,18,6,0,17,103,pharmaceutical
1719,1719,17,17,5,25,195,retail
1720,1720,5,22,4,4,100,software
1721,1721,8,20,3,24,122,retail
1722,1722,18,11,2,16,89,realestate
1723,1723,0,23,4,17,122,retail
1724,1724,12,20,1,10,105,pharmaceutical
1725,1725,15,8,4,24,202,pharmaceutical
1726,1726,2,10,1,28,213,realestate
1727,1727,3,28,7,8,194,software
1728,1728,12,22,9,14,78,retail
1729,1729,18,24,5,28,71,pharmaceutical
1730,1730,5,27,7,5,139,education
1731,1731,15,7,3,15,202,education
1732,1732,6,21,0,16,46,retail
1733,1733,0,28,7,25,123,education
1734,1734,11,4,2,20,139,retail
1735,1735,1,8,7,3,161,financial
1736,1736,5,5,2,1,110,software
1737,1737,18,13,7,8,70,retail
1738,1738,1,1,5,25,172,education
1739,1739,1,21,6,3,215,software
1740,1740,17,7,1,7,184,realestate
1741,1741,18,3,1,28,72,software
1742,1742,13,11,4,7,124,software
1743,1743,6,0,6,8,63,education
1744,1744,18,19,7,16,71,software
1745,1745,10,22,4,11,107,financial
1746,1746,7,4,2,22,159,financial
1747,1747,19,0,8,7,96,education
1748,1748,1,5,5,12,230,financial
1749,1749,2,17,3,5,217,pharmaceutical
1750,1750,12,11,8,3,80,retail
1751,1751,13,7,2,29,89,pharmaceutical
1752,1752,10,12,1,20,118,software
1753,1753,15,6,5,8,195,realestate
1754,1754,14,24,6,16,199,education
1755,1755,15,22,5,9,210,realestate
1756,1756,16,29,3,21,154,education
1757,1757,2,22,2,12,201,financial
1758,1758,17,12,0,4,193,realestate
1759,1759,3,3,8,12,189,education
1760,1760,11,4,9,16,114,education
1761,1761,3,19,2,4,179,retail
1762,1762,18,1,1,28,95,retail
1763,1763,12,18,1,14,87,software
1764,1764,12,1,6,10,95,education
1765,1765,14,10,1,4,187,pharmaceutical
1766,1766,2,7,4,10,219,pharmaceutical
1767,1767,16,1,9,16,154,pharmaceutical
1768,1768,11,22,1,4,140,education
1769,1769,8,22,4,17,185,retail
1770,1770,18,20,5,7,83,retail
1771,1771,12,24,3,27,102,software
1772,1772,6,6,6,2,86,software
1773,1773,0,2,5,19,120,education
1774,1774,18,0,9,17,80,retail
1775,1775,3,6,3,28,171,retail
1776,1776,18,8,8,0,98,financial
1777,1777,1,1,6,4,233,education
1778,1778,8,8,1,7,187,education
1779,1779,19,3,1,16,77,financial
1780,1780,0,26,2,8,121,pharmaceutical
1781,1781,8,5,8,11,172,financial
1782,1782,14,29,4,11,178,realestate
1783,1783,4,5,0,2,168,retail
1784,1784,14,10,5,20,199,pharmaceutical
1785,1785,8,24,1,6,188,retail
1786,1786,0,24,5,11,122,pharmaceutical
1787,1787,6,8,3,16,47,realestate
1788,1788,11,8,9,16,129,financial
1789,1789,18,27,3,11,101,retail
1790,1790,5,19,4,24,99,realestate
1791,1791,7,26,1,14,141,realestate
1792,1792,5,29,2,25,126,realestate
1793,1793,11,12,7,2,113,financial
1794,1794,1,16,6,2,187,pharmaceutical
1795,1795,3,8,2,7,183,pharmaceutical
1796,1796,5,19,7,18,94,retail
1797,1797,1,17,1,28,162,education
1798,1798,13,11,3,0,104,education
1799,1799,7,29,9,11,129,financial
1800,1800,10,27,9,21,147,financial
1801,1801,9,22,8,2,90,retail
1802,1802,2,12,4,6,213,pharmaceutical
1803,1803,17,14,2,25,188,education
1804,1804,12,9,1,20,94,retail
1805,1805,8,18,8,5,159,financial
1806,1806,15,22,1,10,185,education
1807,1807,10,0,5,28,91,software
1808,1808,11,13,6,3,100,retail
1809,1809,13,26,3,17,140,pharmaceutical
1810,1810,18,1,4,2,51,realestate
1811,1811,7,16,4,28,161,retail
1812,1812,13,12,3,22,123,retail
1813,1813,3,24,5,19,204,financial
1814,1814,18,8,0,24,102,pharmaceutical
1815,1815,9,5,5,11,71,realestate
1816,1816,4,9,2,9,153,retail
1817,1817,15,14,3,29,178,realestate
1818,1818,8,28,1,3,117,education
1819,1819,11,0,5,13,113,financial
1820,1820,13,12,2,2,118,retail
1821,1821,16,6,6,4,150,financial
1822,1822,0,11,4,14,120,pharmaceutical
1823,1823,18,5,7,5,56,pharmaceutical
1824,1824,14,3,2,20,184,realestate
1825,1825,0,17,3,7,123,financial
1826,1826,15,28,0,28,192,software
1827,1827,12,16,0,15,86,software
1828,1828,19,17,0,8,91,software
1829,1829,15,18,2,9,187,software
1830,1830,19,0,2,5,116,realestate
1831,1831,0,22,8,16,123,realestate
1832,1832,17,28,7,22,185,software
1833,1833,8,1,2,0,151,realestate
1834,1834,18,18,0,0,58,education
1835,1835,2,0,0,13,200,realestate
1836,1836,11,17,8,27,96,retail
1837,1837,0,7,1,6,120,retail
1838,1838,8,22,7,19,112,realestate
1839,1839,18,27,0,2,72,retail
1840,1840,18,4,5,20,94,financial
1841,1841,11,6,3,26,107,software
1842,1842,12,6,9,0,78,realestate
1843,1843,11,20,7,22,123,education
1844,1844,15,0,3,2,209,realestate
1845,1845,1,8,0,12,155,retail
1846,1846,15,26,9,24,189,retail
1847,1847,17,14,0,7,204,financial
1848,1848,4,15,3,16,147,financial
1849,1849,18,27,8,2,95,retail
1850,1850,1,15,0,6,209,financial
1851,1851,9,29,5,15,46,education
1852,1852,10,14,0,7,127,financial
1853,1853,6,15,4,4,84,financial
1854,1854,1,18,2,21,185,retail
1855,1855,1,1,7,13,191,software
1856,1856,11,24,3,10,121,education
1857,1857,16,0,8,27,154,financial
1858,1858,15,0,8,23,186,retail
1859,1859,4,20,5,21,145,education
1860,1860,0,24,5,24,122,software
1861,1861,19,0,7,7,111,realestate
1862,1862,8,25,3,5,185,education
1863,1863,4,13,0,10,178,software
1864,1864,12,17,6,28,105,retail
1865,1865,19,7,7,12,104,realestate
1866,1866,14,24,6,29,197,financial
1867,1867,2,26,0,4,205,realestate
1868,1868,18,16,2,24,60,education
1869,1869,10,11,7,6,106,software
1870,1870,18,20,9,28,62,pharmaceutical
1871,1871,8,2,3,1,131,education
1872,1872,13,25,2,9,103,retail
1873,1873,19,13,7,5,96,realestate
1874,1874,8,6,5,20,168,education
1875,1875,10,28,6,12,95,pharmaceutical
1876,1876,0,16,4,26,122,realestate
1877,1877,4,26,7,24,181,pharmaceutical
1878,1878,13,7,1,9,105,realestate
1879,1879,4,2,3,12,166,realestate
1880,1880,11,23,1,26,115,education
1881,1881,15,23,6,17,198,realestate
1882,1882,8,5,6,29,145,financial
1883,1883,4,0,8,13,143,financial
1884,1884,5,3,9,28,119,software
1885,1885,10,15,0,22,154,pharmaceutical
1886,1886,4,2,2,7,184,pharmaceutical
1887,1887,11,10,3,8,129,financial
1888,1888,19,7,5,2,73,retail
1889,1889,16,8,3,9,150,pharmaceutical
1890,1890,18,0,2,5,88,retail
1891,1891,13,25,2,7,125,software
1892,1892,17,24,4,20,183,realestate
1893,1893,10,9,3,4,110,education
1894,1894,12,0,8,21,104,retail
1895,1895,14,16,3,9,195,retail
1896,1896,11,11,6,26,124,education
1897,1897,4,6,3,13,130,education
1898,1898,9,6,7,7,78,software
1899,1899,13,7,2,3,139,pharmaceutical
1900,1900,11,6,2,16,111,software
1901,1901,9,18,3,2,94,realestate
1902,1902,3,29,4,23,177,realestate
1903,1903,12,29,0,16,94,financial
1904,1904,11,7,3,25,123,retail
1905,1905,16,19,5,17,157,financial
1906,1906,16,4,5,28,149,pharmaceutical
1907,1907,14,15,7,11,189,retail
1908,1908,7,8,8,12,121,pharmaceutical
1909,1909,19,16,3,23,87,software
1910,1910,1,1,8,2,167,pharmaceutical
1911,1911,5,25,6,12,131,financial
1912,1912,9,4,3,10,49,software
1913,1913,15,9,8,7,210,retail
1914,1914,13,16,1,7,130,pharmaceutical
1915,1915,12,9,8,9,96,realestate
1916,1916,0,4,1,21,121,software
1917,1917,8,23,2,8,116,pharmaceutical
1918,1918,17,8,0,9,183,software
1919,1919,5,10,1,26,134,pharmaceutical
1920,1920,18,2,7,21,65,retail
1921,1921,4,26,8,12,136,pharmaceutical
1922,1922,12,5,4,4,94,financial
1923,1923,8,15,6,1,205,pharmaceutical
1924,1924,14,17,1,14,188,pharmaceutical
1925,1925,3,7,8,26,169,pharmaceutical
1926,1926,8,6,0,8,152,software
1927,1927,3,9,0,5,186,retail
1928,1928,3,13,6,21,167,education
1929,1929,13,2,5,7,119,pharmaceutical
1930,1930,4,15,3,9,142,realestate
1931,1931,7,24,0,23,166,pharmaceutical
1932,1932,13,28,6,11,96,retail
1933,1933,2,10,1,2,203,realestate
1934,1934,1,7,9,21,202,education
1935,1935,5,15,3,25,120,realestate
1936,1936,18,20,4,6,79,financial
1937,1937,15,6,6,6,184,pharmaceutical
1938,1938,4,10,4,24,178,retail
1939,1939,18,23,5,2,71,pharmaceutical
1940,1940,15,27,6,10,207,education
1941,1941,3,28,4,22,174,realestate
1942,1942,1,22,7,28,170,realestate
1943,1943,4,7,2,29,160,education
1944,1944,12,14,0,22,78,pharmaceutical
1945,1945,18,17,0,19,83,financial
1946,1946,16,19,8,0,148,software
1947,1947,5,3,1,19,133,education
1948,1948,13,29,7,26,100,realestate
1949,1949,6,13,2,15,47,education
1950,1950,12,24,3,2,98,financial
1951,1951,10,15,6,8,136,retail
1952,1952,5,15,1,24,95,retail
1953,1953,0,22,5,19,121,retail
1954,1954,8,20,0,6,184,education
1955,1955,14,26,3,24,189,education
1956,1956,15,11,8,10,196,realestate
1957,1957,14,11,4,27,180,education
1958,1958,14,11,3,22,189,realestate
1959,1959,6,28,9,19,70,education
1960,1960,12,26,9,1,108,pharmaceutical
1961,1961,10,12,3,13,125,financial
1962,1962,19,26,7,17,94,realestate
1963,1963,16,8,3,10,157,retail
1964,1964,15,22,8,17,201,education
1965,1965,7,17,1,3,166,realestate
1966,1966,7,12,9,13,119,pharmaceutical
1967,1967,7,5,9,8,152,pharmaceutical
1968,1968,10,11,2,3,94,financial
1969,1969,0,3,9,23,122,retail
1970,1970,5,9,3,8,126,financial
1971,1971,10,27,7,0,156,realestate
1972,1972,1,20,0,23,182,financial
1973,1973,2,12,2,9,210,financial
1974,1974,11,8,8,29,119,pharmaceutical
1975,1975,6,8,1,2,73,retail
1976,1976,6,0,2,16,51,pharmaceutical
1977,1977,0,7,3,15,119,pharmaceutical
1978,1978,16,2,1,16,153,retail
1979,1979,3,12,1,21,174,software
1980,1980,6,2,9,17,50,education
1981,1981,6,8,5,15,41,software
1982,1982,18,27,5,28,56,pharmaceutical
1983,1983,15,1,8,19,209,financial
1984,1984,8,2,7,18,143,education
1985,1985,3,20,4,21,178,realestate
1986,1986,4,18,0,18,175,financial
1987,1987,13,1,2,7,100,education
1988,1988,19,2,0,19,84,education
1989,1989,15,12,4,28,178,education
1990,1990,4,6,5,19,159,education
1991,1991,4,0,6,3,173,realestate
1992,1992,1,24,5,8,192,realestate
1993,1993,17,21,1,2,204,software
1994,1994,17,28,1,3,188,software
1995,1995,0,0,6,27,122,software
1996,1996,19,28,6,28,79,realestate
1997,1997,3,19,8,15,205,pharmaceutical
1998,1998,17,21,9,18,193,realestate
1999,1999,3,17,1,13,177,financial
